timestamp,state
2023-01-02 00:00:00,1
2023-01-02 00:04:00,1
2023-01-02 00:08:00,1
2023-01-02 00:12:00,1
2023-01-02 00:16:00,1
2023-01-02 00:20:00,1
2023-01-02 00:24:00,1
2023-01-02 00:28:00,1
2023-01-02 00:32:00,1
2023-01-02 00:36:00,1
2023-01-02 00:40:00,1
2023-01-02 00:44:00,1
2023-01-02 00:48:00,1
2023-01-02 00:52:00,1
2023-01-02 00:56:00,1
2023-01-02 01:00:00,1
2023-01-02 01:04:00,1
2023-01-02 01:08:00,1
2023-01-02 01:12:00,1
2023-01-02 01:16:00,1
2023-01-02 01:20:00,1
2023-01-02 01:24:00,1
2023-01-02 01:28:00,1
2023-01-02 01:32:00,1
2023-01-02 01:36:00,1
2023-01-02 01:40:00,1
2023-01-02 01:44:00,1
2023-01-02 01:48:00,1
2023-01-02 01:52:00,1
2023-01-02 01:56:00,1
2023-01-02 02:00:00,1
2023-01-02 02:04:00,1
2023-01-02 02:08:00,0
2023-01-02 02:12:00,0
2023-01-02 02:16:00,0
2023-01-02 02:20:00,0
2023-01-02 02:24:00,0
2023-01-02 02:28:00,0
2023-01-02 02:32:00,0
2023-01-02 02:36:00,0
2023-01-02 02:40:00,0
2023-01-02 02:44:00,0
2023-01-02 02:48:00,0
2023-01-02 02:52:00,0
2023-01-02 02:56:00,0
2023-01-02 03:00:00,0
2023-01-02 03:04:00,0
2023-01-02 03:08:00,0
2023-01-02 03:12:00,0
2023-01-02 03:16:00,0
2023-01-02 03:20:00,0
2023-01-02 03:24:00,0
2023-01-02 03:28:00,0
2023-01-02 03:32:00,0
2023-01-02 03:36:00,0
2023-01-02 03:40:00,0
2023-01-02 03:44:00,0
2023-01-02 03:48:00,0
2023-01-02 03:52:00,0
2023-01-02 03:56:00,0
2023-01-02 04:00:00,0
2023-01-02 04:04:00,0
2023-01-02 04:08:00,0
2023-01-02 04:12:00,0
2023-01-02 04:16:00,0
2023-01-02 04:20:00,0
2023-01-02 04:24:00,0
2023-01-02 04:28:00,0
2023-01-02 04:32:00,0
2023-01-02 04:36:00,0
2023-01-02 04:40:00,0
2023-01-02 04:44:00,0
2023-01-02 04:48:00,0
2023-01-02 04:52:00,0
2023-01-02 04:56:00,0
2023-01-02 05:00:00,0
2023-01-02 05:04:00,0
2023-01-02 05:08:00,0
2023-01-02 05:12:00,0
2023-01-02 05:16:00,0
2023-01-02 05:20:00,0
2023-01-02 05:24:00,0
2023-01-02 05:28:00,0
2023-01-02 05:32:00,0
2023-01-02 05:36:00,0
2023-01-02 05:40:00,0
2023-01-02 05:44:00,0
2023-01-02 05:48:00,0
2023-01-02 05:52:00,0
2023-01-02 05:56:00,0
2023-01-02 06:00:00,0
2023-01-02 06:04:00,0
2023-01-02 06:08:00,0
2023-01-02 06:12:00,0
2023-01-02 06:16:00,0
2023-01-02 06:20:00,0
2023-01-02 06:24:00,0
2023-01-02 06:28:00,0
2023-01-02 06:32:00,0
2023-01-02 06:36:00,0
2023-01-02 06:40:00,0
2023-01-02 06:44:00,0
2023-01-02 06:48:00,0
2023-01-02 06:52:00,0
2023-01-02 06:56:00,0
2023-01-02 07:00:00,0
2023-01-02 07:04:00,0
2023-01-02 07:08:00,0
2023-01-02 07:12:00,0
2023-01-02 07:16:00,0
2023-01-02 07:20:00,0
2023-01-02 07:24:00,0
2023-01-02 07:28:00,0
2023-01-02 07:32:00,0
2023-01-02 07:36:00,0
2023-01-02 07:40:00,0
2023-01-02 07:44:00,0
2023-01-02 07:48:00,0
2023-01-02 07:52:00,0
2023-01-02 07:56:00,0
2023-01-02 08:00:00,0
2023-01-02 08:04:00,0
2023-01-02 08:08:00,0
2023-01-02 08:12:00,0
2023-01-02 08:16:00,0
2023-01-02 08:20:00,0
2023-01-02 08:24:00,0
2023-01-02 08:28:00,0
2023-01-02 08:32:00,0
2023-01-02 08:36:00,0
2023-01-02 08:40:00,0
2023-01-02 08:44:00,0
2023-01-02 08:48:00,0
2023-01-02 08:52:00,0
2023-01-02 08:56:00,0
2023-01-02 09:00:00,0
2023-01-02 09:04:00,0
2023-01-02 09:08:00,0
2023-01-02 09:12:00,0
2023-01-02 09:16:00,0
2023-01-02 09:20:00,0
2023-01-02 09:24:00,0
2023-01-02 09:28:00,0
2023-01-02 09:32:00,0
2023-01-02 09:36:00,0
2023-01-02 09:40:00,0
2023-01-02 09:44:00,0
2023-01-02 09:48:00,0
2023-01-02 09:52:00,0
2023-01-02 09:56:00,0
2023-01-02 10:00:00,0
2023-01-02 10:04:00,0
2023-01-02 10:08:00,0
2023-01-02 10:12:00,0
2023-01-02 10:16:00,0
2023-01-02 10:20:00,0
2023-01-02 10:24:00,0
2023-01-02 10:28:00,0
2023-01-02 10:32:00,0
2023-01-02 10:36:00,0
2023-01-02 10:40:00,0
2023-01-02 10:44:00,0
2023-01-02 10:48:00,0
2023-01-02 10:52:00,0
2023-01-02 10:56:00,0
2023-01-02 11:00:00,0
2023-01-02 11:04:00,0
2023-01-02 11:08:00,0
2023-01-02 11:12:00,0
2023-01-02 11:16:00,0
2023-01-02 11:20:00,0
2023-01-02 11:24:00,0
2023-01-02 11:28:00,0
2023-01-02 11:32:00,1
2023-01-02 11:36:00,1
2023-01-02 11:40:00,1
2023-01-02 11:44:00,1
2023-01-02 11:48:00,1
2023-01-02 11:52:00,1
2023-01-02 11:56:00,1
2023-01-02 12:00:00,1
2023-01-02 12:04:00,1
2023-01-02 12:08:00,1
2023-01-02 12:12:00,1
2023-01-02 12:16:00,1
2023-01-02 12:20:00,1
2023-01-02 12:24:00,1
2023-01-02 12:28:00,1
2023-01-02 12:32:00,1
2023-01-02 12:36:00,1
2023-01-02 12:40:00,1
2023-01-02 12:44:00,1
2023-01-02 12:48:00,1
2023-01-02 12:52:00,1
2023-01-02 12:56:00,1
2023-01-02 13:00:00,1
2023-01-02 13:04:00,1
2023-01-02 13:08:00,1
2023-01-02 13:12:00,1
2023-01-02 13:16:00,1
2023-01-02 13:20:00,1
2023-01-02 13:24:00,1
2023-01-02 13:28:00,1
2023-01-02 13:32:00,1
2023-01-02 13:36:00,1
2023-01-02 13:40:00,1
2023-01-02 13:44:00,1
2023-01-02 13:48:00,1
2023-01-02 13:52:00,1
2023-01-02 13:56:00,1
2023-01-02 14:00:00,1
2023-01-02 14:04:00,1
2023-01-02 14:08:00,1
2023-01-02 14:12:00,1
2023-01-02 14:16:00,1
2023-01-02 14:20:00,1
2023-01-02 14:24:00,1
2023-01-02 14:28:00,1
2023-01-02 14:32:00,1
2023-01-02 14:36:00,1
2023-01-02 14:40:00,1
2023-01-02 14:44:00,1
2023-01-02 14:48:00,1
2023-01-02 14:52:00,1
2023-01-02 14:56:00,1
2023-01-02 15:00:00,1
2023-01-02 15:04:00,1
2023-01-02 15:08:00,1
2023-01-02 15:12:00,1
2023-01-02 15:16:00,1
2023-01-02 15:20:00,1
2023-01-02 15:24:00,1
2023-01-02 15:28:00,1
2023-01-02 15:32:00,1
2023-01-02 15:36:00,1
2023-01-02 15:40:00,1
2023-01-02 15:44:00,1
2023-01-02 15:48:00,1
2023-01-02 15:52:00,1
2023-01-02 15:56:00,1
2023-01-02 16:00:00,1
2023-01-02 16:04:00,1
2023-01-02 16:08:00,1
2023-01-02 16:12:00,1
2023-01-02 16:16:00,1
2023-01-02 16:20:00,1
2023-01-02 16:24:00,1
2023-01-02 16:28:00,1
2023-01-02 16:32:00,1
2023-01-02 16:36:00,1
2023-01-02 16:40:00,1
2023-01-02 16:44:00,1
2023-01-02 16:48:00,1
2023-01-02 16:52:00,1
2023-01-02 16:56:00,1
2023-01-02 17:00:00,1
2023-01-02 17:04:00,1
2023-01-02 17:08:00,1
2023-01-02 17:12:00,1
2023-01-02 17:16:00,1
2023-01-02 17:20:00,1
2023-01-02 17:24:00,1
2023-01-02 17:28:00,1
2023-01-02 17:32:00,1
2023-01-02 17:36:00,1
2023-01-02 17:40:00,1
2023-01-02 17:44:00,1
2023-01-02 17:48:00,1
2023-01-02 17:52:00,1
2023-01-02 17:56:00,1
2023-01-02 18:00:00,1
2023-01-02 18:04:00,1
2023-01-02 18:08:00,1
2023-01-02 18:12:00,1
2023-01-02 18:16:00,1
2023-01-02 18:20:00,1
2023-01-02 18:24:00,1
2023-01-02 18:28:00,1
2023-01-02 18:32:00,1
2023-01-02 18:36:00,1
2023-01-02 18:40:00,1
2023-01-02 18:44:00,1
2023-01-02 18:48:00,1
2023-01-02 18:52:00,1
2023-01-02 18:56:00,1
2023-01-02 19:00:00,1
2023-01-02 19:04:00,1
2023-01-02 19:08:00,1
2023-01-02 19:12:00,1
2023-01-02 19:16:00,1
2023-01-02 19:20:00,1
2023-01-02 19:24:00,1
2023-01-02 19:28:00,1
2023-01-02 19:32:00,1
2023-01-02 19:36:00,1
2023-01-02 19:40:00,1
2023-01-02 19:44:00,1
2023-01-02 19:48:00,1
2023-01-02 19:52:00,1
2023-01-02 19:56:00,1
2023-01-02 20:00:00,1
2023-01-02 20:04:00,1
2023-01-02 20:08:00,1
2023-01-02 20:12:00,1
2023-01-02 20:16:00,1
2023-01-02 20:20:00,1
2023-01-02 20:24:00,1
2023-01-02 20:28:00,1
2023-01-02 20:32:00,1
2023-01-02 20:36:00,1
2023-01-02 20:40:00,1
2023-01-02 20:44:00,1
2023-01-02 20:48:00,1
2023-01-02 20:52:00,1
2023-01-02 20:56:00,1
2023-01-02 21:00:00,1
2023-01-02 21:04:00,1
2023-01-02 21:08:00,1
2023-01-02 21:12:00,1
2023-01-02 21:16:00,1
2023-01-02 21:20:00,1
2023-01-02 21:24:00,1
2023-01-02 21:28:00,1
2023-01-02 21:32:00,1
2023-01-02 21:36:00,1
2023-01-02 21:40:00,1
2023-01-02 21:44:00,1
2023-01-02 21:48:00,1
2023-01-02 21:52:00,1
2023-01-02 21:56:00,1
2023-01-02 22:00:00,1
2023-01-02 22:04:00,1
2023-01-02 22:08:00,1
2023-01-02 22:12:00,1
2023-01-02 22:16:00,1
2023-01-02 22:20:00,1
2023-01-02 22:24:00,1
2023-01-02 22:28:00,1
2023-01-02 22:32:00,1
2023-01-02 22:36:00,1
2023-01-02 22:40:00,1
2023-01-02 22:44:00,1
2023-01-02 22:48:00,1
2023-01-02 22:52:00,1
2023-01-02 22:56:00,1
2023-01-02 23:00:00,1
2023-01-02 23:04:00,1
2023-01-02 23:08:00,1
2023-01-02 23:12:00,1
2023-01-02 23:16:00,1
2023-01-02 23:20:00,1
2023-01-02 23:24:00,1
2023-01-02 23:28:00,1
2023-01-02 23:32:00,1
2023-01-02 23:36:00,1
2023-01-02 23:40:00,1
2023-01-02 23:44:00,1
2023-01-02 23:48:00,1
2023-01-02 23:52:00,1
2023-01-02 23:56:00,1
2023-01-03 00:00:00,1
2023-01-03 00:04:00,1
2023-01-03 00:08:00,1
2023-01-03 00:12:00,1
2023-01-03 00:16:00,1
2023-01-03 00:20:00,1
2023-01-03 00:24:00,1
2023-01-03 00:28:00,1
2023-01-03 00:32:00,1
2023-01-03 00:36:00,1
2023-01-03 00:40:00,1
2023-01-03 00:44:00,1
2023-01-03 00:48:00,1
2023-01-03 00:52:00,1
2023-01-03 00:56:00,1
2023-01-03 01:00:00,1
2023-01-03 01:04:00,1
2023-01-03 01:08:00,1
2023-01-03 01:12:00,1
2023-01-03 01:16:00,1
2023-01-03 01:20:00,1
2023-01-03 01:24:00,1
2023-01-03 01:28:00,1
2023-01-03 01:32:00,1
2023-01-03 01:36:00,1
2023-01-03 01:40:00,1
2023-01-03 01:44:00,1
2023-01-03 01:48:00,0
2023-01-03 01:52:00,0
2023-01-03 01:56:00,0
2023-01-03 02:00:00,0
2023-01-03 02:04:00,0
2023-01-03 02:08:00,0
2023-01-03 02:12:00,0
2023-01-03 02:16:00,0
2023-01-03 02:20:00,0
2023-01-03 02:24:00,0
2023-01-03 02:28:00,0
2023-01-03 02:32:00,0
2023-01-03 02:36:00,0
2023-01-03 02:40:00,0
2023-01-03 02:44:00,0
2023-01-03 02:48:00,0
2023-01-03 02:52:00,0
2023-01-03 02:56:00,0
2023-01-03 03:00:00,0
2023-01-03 03:04:00,0
2023-01-03 03:08:00,0
2023-01-03 03:12:00,0
2023-01-03 03:16:00,0
2023-01-03 03:20:00,0
2023-01-03 03:24:00,0
2023-01-03 03:28:00,0
2023-01-03 03:32:00,0
2023-01-03 03:36:00,0
2023-01-03 03:40:00,0
2023-01-03 03:44:00,0
2023-01-03 03:48:00,0
2023-01-03 03:52:00,0
2023-01-03 03:56:00,0
2023-01-03 04:00:00,0
2023-01-03 04:04:00,0
2023-01-03 04:08:00,0
2023-01-03 04:12:00,0
2023-01-03 04:16:00,0
2023-01-03 04:20:00,0
2023-01-03 04:24:00,0
2023-01-03 04:28:00,0
2023-01-03 04:32:00,0
2023-01-03 04:36:00,0
2023-01-03 04:40:00,0
2023-01-03 04:44:00,0
2023-01-03 04:48:00,0
2023-01-03 04:52:00,0
2023-01-03 04:56:00,0
2023-01-03 05:00:00,0
2023-01-03 05:04:00,0
2023-01-03 05:08:00,0
2023-01-03 05:12:00,0
2023-01-03 05:16:00,0
2023-01-03 05:20:00,0
2023-01-03 05:24:00,0
2023-01-03 05:28:00,0
2023-01-03 05:32:00,0
2023-01-03 05:36:00,0
2023-01-03 05:40:00,0
2023-01-03 05:44:00,0
2023-01-03 05:48:00,0
2023-01-03 05:52:00,0
2023-01-03 05:56:00,0
2023-01-03 06:00:00,0
2023-01-03 06:04:00,0
2023-01-03 06:08:00,0
2023-01-03 06:12:00,0
2023-01-03 06:16:00,0
2023-01-03 06:20:00,0
2023-01-03 06:24:00,0
2023-01-03 06:28:00,0
2023-01-03 06:32:00,0
2023-01-03 06:36:00,0
2023-01-03 06:40:00,0
2023-01-03 06:44:00,0
2023-01-03 06:48:00,0
2023-01-03 06:52:00,0
2023-01-03 06:56:00,0
2023-01-03 07:00:00,0
2023-01-03 07:04:00,0
2023-01-03 07:08:00,0
2023-01-03 07:12:00,0
2023-01-03 07:16:00,0
2023-01-03 07:20:00,0
2023-01-03 07:24:00,0
2023-01-03 07:28:00,0
2023-01-03 07:32:00,0
2023-01-03 07:36:00,0
2023-01-03 07:40:00,0
2023-01-03 07:44:00,0
2023-01-03 07:48:00,0
2023-01-03 07:52:00,0
2023-01-03 07:56:00,0
2023-01-03 08:00:00,0
2023-01-03 08:04:00,0
2023-01-03 08:08:00,0
2023-01-03 08:12:00,0
2023-01-03 08:16:00,0
2023-01-03 08:20:00,0
2023-01-03 08:24:00,0
2023-01-03 08:28:00,0
2023-01-03 08:32:00,0
2023-01-03 08:36:00,0
2023-01-03 08:40:00,0
2023-01-03 08:44:00,0
2023-01-03 08:48:00,0
2023-01-03 08:52:00,0
2023-01-03 08:56:00,0
2023-01-03 09:00:00,0
2023-01-03 09:04:00,0
2023-01-03 09:08:00,0
2023-01-03 09:12:00,0
2023-01-03 09:16:00,0
2023-01-03 09:20:00,0
2023-01-03 09:24:00,0
2023-01-03 09:28:00,0
2023-01-03 09:32:00,0
2023-01-03 09:36:00,0
2023-01-03 09:40:00,0
2023-01-03 09:44:00,0
2023-01-03 09:48:00,0
2023-01-03 09:52:00,0
2023-01-03 09:56:00,0
2023-01-03 10:00:00,0
2023-01-03 10:04:00,0
2023-01-03 10:08:00,0
2023-01-03 10:12:00,0
2023-01-03 10:16:00,0
2023-01-03 10:20:00,0
2023-01-03 10:24:00,0
2023-01-03 10:28:00,0
2023-01-03 10:32:00,0
2023-01-03 10:36:00,0
2023-01-03 10:40:00,0
2023-01-03 10:44:00,0
2023-01-03 10:48:00,0
2023-01-03 10:52:00,0
2023-01-03 10:56:00,0
2023-01-03 11:00:00,0
2023-01-03 11:04:00,0
2023-01-03 11:08:00,0
2023-01-03 11:12:00,0
2023-01-03 11:16:00,0
2023-01-03 11:20:00,0
2023-01-03 11:24:00,0
2023-01-03 11:28:00,0
2023-01-03 11:32:00,0
2023-01-03 11:36:00,0
2023-01-03 11:40:00,0
2023-01-03 11:44:00,0
2023-01-03 11:48:00,0
2023-01-03 11:52:00,0
2023-01-03 11:56:00,0
2023-01-03 12:00:00,0
2023-01-03 12:04:00,0
2023-01-03 12:08:00,1
2023-01-03 12:12:00,1
2023-01-03 12:16:00,1
2023-01-03 12:20:00,1
2023-01-03 12:24:00,1
2023-01-03 12:28:00,1
2023-01-03 12:32:00,1
2023-01-03 12:36:00,1
2023-01-03 12:40:00,1
2023-01-03 12:44:00,1
2023-01-03 12:48:00,1
2023-01-03 12:52:00,1
2023-01-03 12:56:00,1
2023-01-03 13:00:00,1
2023-01-03 13:04:00,1
2023-01-03 13:08:00,1
2023-01-03 13:12:00,1
2023-01-03 13:16:00,1
2023-01-03 13:20:00,1
2023-01-03 13:24:00,1
2023-01-03 13:28:00,1
2023-01-03 13:32:00,1
2023-01-03 13:36:00,1
2023-01-03 13:40:00,1
2023-01-03 13:44:00,1
2023-01-03 13:48:00,1
2023-01-03 13:52:00,1
2023-01-03 13:56:00,1
2023-01-03 14:00:00,1
2023-01-03 14:04:00,1
2023-01-03 14:08:00,1
2023-01-03 14:12:00,1
2023-01-03 14:16:00,1
2023-01-03 14:20:00,1
2023-01-03 14:24:00,1
2023-01-03 14:28:00,1
2023-01-03 14:32:00,1
2023-01-03 14:36:00,1
2023-01-03 14:40:00,1
2023-01-03 14:44:00,1
2023-01-03 14:48:00,1
2023-01-03 14:52:00,1
2023-01-03 14:56:00,1
2023-01-03 15:00:00,1
2023-01-03 15:04:00,1
2023-01-03 15:08:00,1
2023-01-03 15:12:00,1
2023-01-03 15:16:00,1
2023-01-03 15:20:00,1
2023-01-03 15:24:00,1
2023-01-03 15:28:00,1
2023-01-03 15:32:00,1
2023-01-03 15:36:00,1
2023-01-03 15:40:00,1
2023-01-03 15:44:00,1
2023-01-03 15:48:00,1
2023-01-03 15:52:00,1
2023-01-03 15:56:00,1
2023-01-03 16:00:00,1
2023-01-03 16:04:00,1
2023-01-03 16:08:00,1
2023-01-03 16:12:00,1
2023-01-03 16:16:00,1
2023-01-03 16:20:00,1
2023-01-03 16:24:00,1
2023-01-03 16:28:00,1
2023-01-03 16:32:00,1
2023-01-03 16:36:00,1
2023-01-03 16:40:00,1
2023-01-03 16:44:00,1
2023-01-03 16:48:00,1
2023-01-03 16:52:00,1
2023-01-03 16:56:00,1
2023-01-03 17:00:00,1
2023-01-03 17:04:00,1
2023-01-03 17:08:00,1
2023-01-03 17:12:00,1
2023-01-03 17:16:00,1
2023-01-03 17:20:00,1
2023-01-03 17:24:00,1
2023-01-03 17:28:00,1
2023-01-03 17:32:00,1
2023-01-03 17:36:00,1
2023-01-03 17:40:00,1
2023-01-03 17:44:00,1
2023-01-03 17:48:00,1
2023-01-03 17:52:00,1
2023-01-03 17:56:00,1
2023-01-03 18:00:00,1
2023-01-03 18:04:00,1
2023-01-03 18:08:00,1
2023-01-03 18:12:00,1
2023-01-03 18:16:00,1
2023-01-03 18:20:00,1
2023-01-03 18:24:00,1
2023-01-03 18:28:00,1
2023-01-03 18:32:00,1
2023-01-03 18:36:00,1
2023-01-03 18:40:00,1
2023-01-03 18:44:00,1
2023-01-03 18:48:00,1
2023-01-03 18:52:00,1
2023-01-03 18:56:00,1
2023-01-03 19:00:00,1
2023-01-03 19:04:00,1
2023-01-03 19:08:00,1
2023-01-03 19:12:00,1
2023-01-03 19:16:00,1
2023-01-03 19:20:00,1
2023-01-03 19:24:00,1
2023-01-03 19:28:00,1
2023-01-03 19:32:00,1
2023-01-03 19:36:00,1
2023-01-03 19:40:00,1
2023-01-03 19:44:00,1
2023-01-03 19:48:00,1
2023-01-03 19:52:00,1
2023-01-03 19:56:00,1
2023-01-03 20:00:00,1
2023-01-03 20:04:00,1
2023-01-03 20:08:00,1
2023-01-03 20:12:00,1
2023-01-03 20:16:00,1
2023-01-03 20:20:00,1
2023-01-03 20:24:00,1
2023-01-03 20:28:00,1
2023-01-03 20:32:00,1
2023-01-03 20:36:00,1
2023-01-03 20:40:00,1
2023-01-03 20:44:00,1
2023-01-03 20:48:00,1
2023-01-03 20:52:00,1
2023-01-03 20:56:00,1
2023-01-03 21:00:00,1
2023-01-03 21:04:00,1
2023-01-03 21:08:00,1
2023-01-03 21:12:00,1
2023-01-03 21:16:00,1
2023-01-03 21:20:00,1
2023-01-03 21:24:00,1
2023-01-03 21:28:00,1
2023-01-03 21:32:00,1
2023-01-03 21:36:00,1
2023-01-03 21:40:00,1
2023-01-03 21:44:00,1
2023-01-03 21:48:00,1
2023-01-03 21:52:00,1
2023-01-03 21:56:00,1
2023-01-03 22:00:00,1
2023-01-03 22:04:00,1
2023-01-03 22:08:00,1
2023-01-03 22:12:00,1
2023-01-03 22:16:00,1
2023-01-03 22:20:00,1
2023-01-03 22:24:00,1
2023-01-03 22:28:00,1
2023-01-03 22:32:00,1
2023-01-03 22:36:00,1
2023-01-03 22:40:00,1
2023-01-03 22:44:00,1
2023-01-03 22:48:00,1
2023-01-03 22:52:00,1
2023-01-03 22:56:00,1
2023-01-03 23:00:00,1
2023-01-03 23:04:00,1
2023-01-03 23:08:00,1
2023-01-03 23:12:00,1
2023-01-03 23:16:00,1
2023-01-03 23:20:00,1
2023-01-03 23:24:00,1
2023-01-03 23:28:00,1
2023-01-03 23:32:00,1
2023-01-03 23:36:00,1
2023-01-03 23:40:00,1
2023-01-03 23:44:00,1
2023-01-03 23:48:00,1
2023-01-03 23:52:00,1
2023-01-03 23:56:00,1
2023-01-04 00:00:00,1
2023-01-04 00:04:00,1
2023-01-04 00:08:00,1
2023-01-04 00:12:00,1
2023-01-04 00:16:00,1
2023-01-04 00:20:00,1
2023-01-04 00:24:00,1
2023-01-04 00:28:00,1
2023-01-04 00:32:00,1
2023-01-04 00:36:00,1
2023-01-04 00:40:00,1
2023-01-04 00:44:00,1
2023-01-04 00:48:00,1
2023-01-04 00:52:00,1
2023-01-04 00:56:00,1
2023-01-04 01:00:00,1
2023-01-04 01:04:00,1
2023-01-04 01:08:00,1
2023-01-04 01:12:00,1
2023-01-04 01:16:00,1
2023-01-04 01:20:00,1
2023-01-04 01:24:00,1
2023-01-04 01:28:00,1
2023-01-04 01:32:00,1
2023-01-04 01:36:00,1
2023-01-04 01:40:00,1
2023-01-04 01:44:00,1
2023-01-04 01:48:00,1
2023-01-04 01:52:00,1
2023-01-04 01:56:00,1
2023-01-04 02:00:00,0
2023-01-04 02:04:00,0
2023-01-04 02:08:00,0
2023-01-04 02:12:00,0
2023-01-04 02:16:00,0
2023-01-04 02:20:00,0
2023-01-04 02:24:00,0
2023-01-04 02:28:00,0
2023-01-04 02:32:00,0
2023-01-04 02:36:00,0
2023-01-04 02:40:00,0
2023-01-04 02:44:00,0
2023-01-04 02:48:00,0
2023-01-04 02:52:00,0
2023-01-04 02:56:00,0
2023-01-04 03:00:00,0
2023-01-04 03:04:00,0
2023-01-04 03:08:00,0
2023-01-04 03:12:00,0
2023-01-04 03:16:00,0
2023-01-04 03:20:00,0
2023-01-04 03:24:00,0
2023-01-04 03:28:00,0
2023-01-04 03:32:00,0
2023-01-04 03:36:00,0
2023-01-04 03:40:00,0
2023-01-04 03:44:00,0
2023-01-04 03:48:00,0
2023-01-04 03:52:00,0
2023-01-04 03:56:00,0
2023-01-04 04:00:00,0
2023-01-04 04:04:00,0
2023-01-04 04:08:00,0
2023-01-04 04:12:00,0
2023-01-04 04:16:00,0
2023-01-04 04:20:00,0
2023-01-04 04:24:00,0
2023-01-04 04:28:00,0
2023-01-04 04:32:00,0
2023-01-04 04:36:00,0
2023-01-04 04:40:00,0
2023-01-04 04:44:00,0
2023-01-04 04:48:00,0
2023-01-04 04:52:00,0
2023-01-04 04:56:00,0
2023-01-04 05:00:00,0
2023-01-04 05:04:00,0
2023-01-04 05:08:00,0
2023-01-04 05:12:00,0
2023-01-04 05:16:00,0
2023-01-04 05:20:00,0
2023-01-04 05:24:00,0
2023-01-04 05:28:00,0
2023-01-04 05:32:00,0
2023-01-04 05:36:00,0
2023-01-04 05:40:00,0
2023-01-04 05:44:00,0
2023-01-04 05:48:00,0
2023-01-04 05:52:00,0
2023-01-04 05:56:00,0
2023-01-04 06:00:00,0
2023-01-04 06:04:00,0
2023-01-04 06:08:00,0
2023-01-04 06:12:00,0
2023-01-04 06:16:00,0
2023-01-04 06:20:00,0
2023-01-04 06:24:00,0
2023-01-04 06:28:00,0
2023-01-04 06:32:00,0
2023-01-04 06:36:00,0
2023-01-04 06:40:00,0
2023-01-04 06:44:00,0
2023-01-04 06:48:00,0
2023-01-04 06:52:00,0
2023-01-04 06:56:00,0
2023-01-04 07:00:00,0
2023-01-04 07:04:00,0
2023-01-04 07:08:00,0
2023-01-04 07:12:00,0
2023-01-04 07:16:00,0
2023-01-04 07:20:00,0
2023-01-04 07:24:00,0
2023-01-04 07:28:00,0
2023-01-04 07:32:00,0
2023-01-04 07:36:00,0
2023-01-04 07:40:00,0
2023-01-04 07:44:00,0
2023-01-04 07:48:00,0
2023-01-04 07:52:00,0
2023-01-04 07:56:00,0
2023-01-04 08:00:00,0
2023-01-04 08:04:00,0
2023-01-04 08:08:00,0
2023-01-04 08:12:00,0
2023-01-04 08:16:00,0
2023-01-04 08:20:00,0
2023-01-04 08:24:00,0
2023-01-04 08:28:00,0
2023-01-04 08:32:00,0
2023-01-04 08:36:00,0
2023-01-04 08:40:00,0
2023-01-04 08:44:00,0
2023-01-04 08:48:00,0
2023-01-04 08:52:00,0
2023-01-04 08:56:00,0
2023-01-04 09:00:00,0
2023-01-04 09:04:00,0
2023-01-04 09:08:00,0
2023-01-04 09:12:00,0
2023-01-04 09:16:00,0
2023-01-04 09:20:00,0
2023-01-04 09:24:00,0
2023-01-04 09:28:00,0
2023-01-04 09:32:00,0
2023-01-04 09:36:00,0
2023-01-04 09:40:00,0
2023-01-04 09:44:00,0
2023-01-04 09:48:00,0
2023-01-04 09:52:00,0
2023-01-04 09:56:00,0
2023-01-04 10:00:00,0
2023-01-04 10:04:00,0
2023-01-04 10:08:00,0
2023-01-04 10:12:00,0
2023-01-04 10:16:00,0
2023-01-04 10:20:00,0
2023-01-04 10:24:00,0
2023-01-04 10:28:00,0
2023-01-04 10:32:00,0
2023-01-04 10:36:00,0
2023-01-04 10:40:00,0
2023-01-04 10:44:00,0
2023-01-04 10:48:00,0
2023-01-04 10:52:00,0
2023-01-04 10:56:00,0
2023-01-04 11:00:00,0
2023-01-04 11:04:00,0
2023-01-04 11:08:00,0
2023-01-04 11:12:00,0
2023-01-04 11:16:00,0
2023-01-04 11:20:00,0
2023-01-04 11:24:00,0
2023-01-04 11:28:00,0
2023-01-04 11:32:00,0
2023-01-04 11:36:00,0
2023-01-04 11:40:00,0
2023-01-04 11:44:00,0
2023-01-04 11:48:00,0
2023-01-04 11:52:00,0
2023-01-04 11:56:00,0
2023-01-04 12:00:00,0
2023-01-04 12:04:00,0
2023-01-04 12:08:00,0
2023-01-04 12:12:00,0
2023-01-04 12:16:00,0
2023-01-04 12:20:00,1
2023-01-04 12:24:00,1
2023-01-04 12:28:00,1
2023-01-04 12:32:00,1
2023-01-04 12:36:00,1
2023-01-04 12:40:00,1
2023-01-04 12:44:00,1
2023-01-04 12:48:00,1
2023-01-04 12:52:00,1
2023-01-04 12:56:00,1
2023-01-04 13:00:00,1
2023-01-04 13:04:00,1
2023-01-04 13:08:00,1
2023-01-04 13:12:00,1
2023-01-04 13:16:00,1
2023-01-04 13:20:00,1
2023-01-04 13:24:00,1
2023-01-04 13:28:00,1
2023-01-04 13:32:00,1
2023-01-04 13:36:00,1
2023-01-04 13:40:00,1
2023-01-04 13:44:00,1
2023-01-04 13:48:00,1
2023-01-04 13:52:00,1
2023-01-04 13:56:00,1
2023-01-04 14:00:00,1
2023-01-04 14:04:00,1
2023-01-04 14:08:00,1
2023-01-04 14:12:00,1
2023-01-04 14:16:00,1
2023-01-04 14:20:00,1
2023-01-04 14:24:00,1
2023-01-04 14:28:00,1
2023-01-04 14:32:00,1
2023-01-04 14:36:00,1
2023-01-04 14:40:00,1
2023-01-04 14:44:00,1
2023-01-04 14:48:00,1
2023-01-04 14:52:00,1
2023-01-04 14:56:00,1
2023-01-04 15:00:00,1
2023-01-04 15:04:00,1
2023-01-04 15:08:00,1
2023-01-04 15:12:00,1
2023-01-04 15:16:00,1
2023-01-04 15:20:00,1
2023-01-04 15:24:00,1
2023-01-04 15:28:00,1
2023-01-04 15:32:00,1
2023-01-04 15:36:00,1
2023-01-04 15:40:00,1
2023-01-04 15:44:00,1
2023-01-04 15:48:00,1
2023-01-04 15:52:00,1
2023-01-04 15:56:00,1
2023-01-04 16:00:00,1
2023-01-04 16:04:00,1
2023-01-04 16:08:00,1
2023-01-04 16:12:00,1
2023-01-04 16:16:00,1
2023-01-04 16:20:00,1
2023-01-04 16:24:00,1
2023-01-04 16:28:00,1
2023-01-04 16:32:00,1
2023-01-04 16:36:00,1
2023-01-04 16:40:00,1
2023-01-04 16:44:00,1
2023-01-04 16:48:00,1
2023-01-04 16:52:00,1
2023-01-04 16:56:00,1
2023-01-04 17:00:00,1
2023-01-04 17:04:00,1
2023-01-04 17:08:00,1
2023-01-04 17:12:00,1
2023-01-04 17:16:00,1
2023-01-04 17:20:00,1
2023-01-04 17:24:00,1
2023-01-04 17:28:00,1
2023-01-04 17:32:00,1
2023-01-04 17:36:00,1
2023-01-04 17:40:00,1
2023-01-04 17:44:00,1
2023-01-04 17:48:00,1
2023-01-04 17:52:00,1
2023-01-04 17:56:00,1
2023-01-04 18:00:00,1
2023-01-04 18:04:00,1
2023-01-04 18:08:00,1
2023-01-04 18:12:00,1
2023-01-04 18:16:00,1
2023-01-04 18:20:00,1
2023-01-04 18:24:00,1
2023-01-04 18:28:00,1
2023-01-04 18:32:00,1
2023-01-04 18:36:00,1
2023-01-04 18:40:00,1
2023-01-04 18:44:00,1
2023-01-04 18:48:00,1
2023-01-04 18:52:00,1
2023-01-04 18:56:00,1
2023-01-04 19:00:00,1
2023-01-04 19:04:00,1
2023-01-04 19:08:00,1
2023-01-04 19:12:00,1
2023-01-04 19:16:00,1
2023-01-04 19:20:00,1
2023-01-04 19:24:00,1
2023-01-04 19:28:00,1
2023-01-04 19:32:00,1
2023-01-04 19:36:00,1
2023-01-04 19:40:00,1
2023-01-04 19:44:00,1
2023-01-04 19:48:00,1
2023-01-04 19:52:00,1
2023-01-04 19:56:00,1
2023-01-04 20:00:00,1
2023-01-04 20:04:00,1
2023-01-04 20:08:00,1
2023-01-04 20:12:00,1
2023-01-04 20:16:00,1
2023-01-04 20:20:00,1
2023-01-04 20:24:00,1
2023-01-04 20:28:00,1
2023-01-04 20:32:00,1
2023-01-04 20:36:00,1
2023-01-04 20:40:00,1
2023-01-04 20:44:00,1
2023-01-04 20:48:00,1
2023-01-04 20:52:00,1
2023-01-04 20:56:00,1
2023-01-04 21:00:00,1
2023-01-04 21:04:00,1
2023-01-04 21:08:00,1
2023-01-04 21:12:00,1
2023-01-04 21:16:00,1
2023-01-04 21:20:00,1
2023-01-04 21:24:00,1
2023-01-04 21:28:00,1
2023-01-04 21:32:00,1
2023-01-04 21:36:00,1
2023-01-04 21:40:00,1
2023-01-04 21:44:00,1
2023-01-04 21:48:00,1
2023-01-04 21:52:00,1
2023-01-04 21:56:00,1
2023-01-04 22:00:00,1
2023-01-04 22:04:00,1
2023-01-04 22:08:00,1
2023-01-04 22:12:00,1
2023-01-04 22:16:00,1
2023-01-04 22:20:00,1
2023-01-04 22:24:00,1
2023-01-04 22:28:00,1
2023-01-04 22:32:00,1
2023-01-04 22:36:00,1
2023-01-04 22:40:00,1
2023-01-04 22:44:00,1
2023-01-04 22:48:00,1
2023-01-04 22:52:00,1
2023-01-04 22:56:00,1
2023-01-04 23:00:00,1
2023-01-04 23:04:00,1
2023-01-04 23:08:00,1
2023-01-04 23:12:00,1
2023-01-04 23:16:00,1
2023-01-04 23:20:00,1
2023-01-04 23:24:00,1
2023-01-04 23:28:00,1
2023-01-04 23:32:00,1
2023-01-04 23:36:00,1
2023-01-04 23:40:00,1
2023-01-04 23:44:00,1
2023-01-04 23:48:00,1
2023-01-04 23:52:00,1
2023-01-04 23:56:00,1
2023-01-05 00:00:00,1
2023-01-05 00:04:00,1
2023-01-05 00:08:00,1
2023-01-05 00:12:00,1
2023-01-05 00:16:00,1
2023-01-05 00:20:00,1
2023-01-05 00:24:00,1
2023-01-05 00:28:00,1
2023-01-05 00:32:00,1
2023-01-05 00:36:00,1
2023-01-05 00:40:00,1
2023-01-05 00:44:00,1
2023-01-05 00:48:00,1
2023-01-05 00:52:00,1
2023-01-05 00:56:00,1
2023-01-05 01:00:00,1
2023-01-05 01:04:00,1
2023-01-05 01:08:00,1
2023-01-05 01:12:00,1
2023-01-05 01:16:00,1
2023-01-05 01:20:00,1
2023-01-05 01:24:00,1
2023-01-05 01:28:00,1
2023-01-05 01:32:00,1
2023-01-05 01:36:00,1
2023-01-05 01:40:00,1
2023-01-05 01:44:00,1
2023-01-05 01:48:00,1
2023-01-05 01:52:00,1
2023-01-05 01:56:00,1
2023-01-05 02:00:00,0
2023-01-05 02:04:00,0
2023-01-05 02:08:00,0
2023-01-05 02:12:00,0
2023-01-05 02:16:00,0
2023-01-05 02:20:00,0
2023-01-05 02:24:00,0
2023-01-05 02:28:00,0
2023-01-05 02:32:00,0
2023-01-05 02:36:00,0
2023-01-05 02:40:00,0
2023-01-05 02:44:00,0
2023-01-05 02:48:00,0
2023-01-05 02:52:00,0
2023-01-05 02:56:00,0
2023-01-05 03:00:00,0
2023-01-05 03:04:00,0
2023-01-05 03:08:00,0
2023-01-05 03:12:00,0
2023-01-05 03:16:00,0
2023-01-05 03:20:00,0
2023-01-05 03:24:00,0
2023-01-05 03:28:00,0
2023-01-05 03:32:00,0
2023-01-05 03:36:00,0
2023-01-05 03:40:00,0
2023-01-05 03:44:00,0
2023-01-05 03:48:00,0
2023-01-05 03:52:00,0
2023-01-05 03:56:00,0
2023-01-05 04:00:00,0
2023-01-05 04:04:00,0
2023-01-05 04:08:00,0
2023-01-05 04:12:00,0
2023-01-05 04:16:00,0
2023-01-05 04:20:00,0
2023-01-05 04:24:00,0
2023-01-05 04:28:00,0
2023-01-05 04:32:00,0
2023-01-05 04:36:00,0
2023-01-05 04:40:00,0
2023-01-05 04:44:00,0
2023-01-05 04:48:00,0
2023-01-05 04:52:00,0
2023-01-05 04:56:00,0
2023-01-05 05:00:00,0
2023-01-05 05:04:00,0
2023-01-05 05:08:00,0
2023-01-05 05:12:00,0
2023-01-05 05:16:00,0
2023-01-05 05:20:00,0
2023-01-05 05:24:00,0
2023-01-05 05:28:00,0
2023-01-05 05:32:00,0
2023-01-05 05:36:00,0
2023-01-05 05:40:00,0
2023-01-05 05:44:00,0
2023-01-05 05:48:00,0
2023-01-05 05:52:00,0
2023-01-05 05:56:00,0
2023-01-05 06:00:00,0
2023-01-05 06:04:00,0
2023-01-05 06:08:00,0
2023-01-05 06:12:00,0
2023-01-05 06:16:00,0
2023-01-05 06:20:00,0
2023-01-05 06:24:00,0
2023-01-05 06:28:00,0
2023-01-05 06:32:00,0
2023-01-05 06:36:00,0
2023-01-05 06:40:00,0
2023-01-05 06:44:00,0
2023-01-05 06:48:00,0
2023-01-05 06:52:00,0
2023-01-05 06:56:00,0
2023-01-05 07:00:00,0
2023-01-05 07:04:00,0
2023-01-05 07:08:00,0
2023-01-05 07:12:00,0
2023-01-05 07:16:00,0
2023-01-05 07:20:00,0
2023-01-05 07:24:00,0
2023-01-05 07:28:00,0
2023-01-05 07:32:00,0
2023-01-05 07:36:00,0
2023-01-05 07:40:00,0
2023-01-05 07:44:00,0
2023-01-05 07:48:00,0
2023-01-05 07:52:00,0
2023-01-05 07:56:00,0
2023-01-05 08:00:00,0
2023-01-05 08:04:00,0
2023-01-05 08:08:00,0
2023-01-05 08:12:00,0
2023-01-05 08:16:00,0
2023-01-05 08:20:00,0
2023-01-05 08:24:00,0
2023-01-05 08:28:00,0
2023-01-05 08:32:00,0
2023-01-05 08:36:00,0
2023-01-05 08:40:00,0
2023-01-05 08:44:00,0
2023-01-05 08:48:00,0
2023-01-05 08:52:00,0
2023-01-05 08:56:00,0
2023-01-05 09:00:00,0
2023-01-05 09:04:00,0
2023-01-05 09:08:00,0
2023-01-05 09:12:00,0
2023-01-05 09:16:00,0
2023-01-05 09:20:00,0
2023-01-05 09:24:00,0
2023-01-05 09:28:00,0
2023-01-05 09:32:00,0
2023-01-05 09:36:00,0
2023-01-05 09:40:00,0
2023-01-05 09:44:00,0
2023-01-05 09:48:00,0
2023-01-05 09:52:00,0
2023-01-05 09:56:00,0
2023-01-05 10:00:00,0
2023-01-05 10:04:00,0
2023-01-05 10:08:00,0
2023-01-05 10:12:00,0
2023-01-05 10:16:00,0
2023-01-05 10:20:00,0
2023-01-05 10:24:00,0
2023-01-05 10:28:00,0
2023-01-05 10:32:00,0
2023-01-05 10:36:00,0
2023-01-05 10:40:00,0
2023-01-05 10:44:00,0
2023-01-05 10:48:00,0
2023-01-05 10:52:00,0
2023-01-05 10:56:00,0
2023-01-05 11:00:00,0
2023-01-05 11:04:00,0
2023-01-05 11:08:00,0
2023-01-05 11:12:00,0
2023-01-05 11:16:00,0
2023-01-05 11:20:00,0
2023-01-05 11:24:00,0
2023-01-05 11:28:00,0
2023-01-05 11:32:00,0
2023-01-05 11:36:00,0
2023-01-05 11:40:00,1
2023-01-05 11:44:00,1
2023-01-05 11:48:00,1
2023-01-05 11:52:00,1
2023-01-05 11:56:00,1
2023-01-05 12:00:00,1
2023-01-05 12:04:00,1
2023-01-05 12:08:00,1
2023-01-05 12:12:00,1
2023-01-05 12:16:00,1
2023-01-05 12:20:00,1
2023-01-05 12:24:00,1
2023-01-05 12:28:00,1
2023-01-05 12:32:00,1
2023-01-05 12:36:00,1
2023-01-05 12:40:00,1
2023-01-05 12:44:00,1
2023-01-05 12:48:00,1
2023-01-05 12:52:00,1
2023-01-05 12:56:00,1
2023-01-05 13:00:00,1
2023-01-05 13:04:00,1
2023-01-05 13:08:00,1
2023-01-05 13:12:00,1
2023-01-05 13:16:00,1
2023-01-05 13:20:00,1
2023-01-05 13:24:00,1
2023-01-05 13:28:00,1
2023-01-05 13:32:00,1
2023-01-05 13:36:00,1
2023-01-05 13:40:00,1
2023-01-05 13:44:00,1
2023-01-05 13:48:00,1
2023-01-05 13:52:00,1
2023-01-05 13:56:00,1
2023-01-05 14:00:00,1
2023-01-05 14:04:00,1
2023-01-05 14:08:00,1
2023-01-05 14:12:00,1
2023-01-05 14:16:00,1
2023-01-05 14:20:00,1
2023-01-05 14:24:00,1
2023-01-05 14:28:00,1
2023-01-05 14:32:00,1
2023-01-05 14:36:00,1
2023-01-05 14:40:00,1
2023-01-05 14:44:00,1
2023-01-05 14:48:00,1
2023-01-05 14:52:00,1
2023-01-05 14:56:00,1
2023-01-05 15:00:00,1
2023-01-05 15:04:00,1
2023-01-05 15:08:00,1
2023-01-05 15:12:00,1
2023-01-05 15:16:00,1
2023-01-05 15:20:00,1
2023-01-05 15:24:00,1
2023-01-05 15:28:00,1
2023-01-05 15:32:00,1
2023-01-05 15:36:00,1
2023-01-05 15:40:00,1
2023-01-05 15:44:00,1
2023-01-05 15:48:00,1
2023-01-05 15:52:00,1
2023-01-05 15:56:00,1
2023-01-05 16:00:00,1
2023-01-05 16:04:00,1
2023-01-05 16:08:00,1
2023-01-05 16:12:00,1
2023-01-05 16:16:00,1
2023-01-05 16:20:00,1
2023-01-05 16:24:00,1
2023-01-05 16:28:00,1
2023-01-05 16:32:00,1
2023-01-05 16:36:00,1
2023-01-05 16:40:00,1
2023-01-05 16:44:00,1
2023-01-05 16:48:00,1
2023-01-05 16:52:00,1
2023-01-05 16:56:00,1
2023-01-05 17:00:00,1
2023-01-05 17:04:00,1
2023-01-05 17:08:00,1
2023-01-05 17:12:00,1
2023-01-05 17:16:00,1
2023-01-05 17:20:00,1
2023-01-05 17:24:00,1
2023-01-05 17:28:00,1
2023-01-05 17:32:00,1
2023-01-05 17:36:00,1
2023-01-05 17:40:00,1
2023-01-05 17:44:00,1
2023-01-05 17:48:00,1
2023-01-05 17:52:00,1
2023-01-05 17:56:00,1
2023-01-05 18:00:00,1
2023-01-05 18:04:00,1
2023-01-05 18:08:00,1
2023-01-05 18:12:00,1
2023-01-05 18:16:00,1
2023-01-05 18:20:00,1
2023-01-05 18:24:00,1
2023-01-05 18:28:00,1
2023-01-05 18:32:00,1
2023-01-05 18:36:00,1
2023-01-05 18:40:00,1
2023-01-05 18:44:00,1
2023-01-05 18:48:00,1
2023-01-05 18:52:00,1
2023-01-05 18:56:00,1
2023-01-05 19:00:00,1
2023-01-05 19:04:00,1
2023-01-05 19:08:00,1
2023-01-05 19:12:00,1
2023-01-05 19:16:00,1
2023-01-05 19:20:00,1
2023-01-05 19:24:00,1
2023-01-05 19:28:00,1
2023-01-05 19:32:00,1
2023-01-05 19:36:00,1
2023-01-05 19:40:00,1
2023-01-05 19:44:00,1
2023-01-05 19:48:00,1
2023-01-05 19:52:00,1
2023-01-05 19:56:00,1
2023-01-05 20:00:00,1
2023-01-05 20:04:00,1
2023-01-05 20:08:00,1
2023-01-05 20:12:00,1
2023-01-05 20:16:00,1
2023-01-05 20:20:00,1
2023-01-05 20:24:00,1
2023-01-05 20:28:00,1
2023-01-05 20:32:00,1
2023-01-05 20:36:00,1
2023-01-05 20:40:00,1
2023-01-05 20:44:00,1
2023-01-05 20:48:00,1
2023-01-05 20:52:00,1
2023-01-05 20:56:00,1
2023-01-05 21:00:00,1
2023-01-05 21:04:00,1
2023-01-05 21:08:00,1
2023-01-05 21:12:00,1
2023-01-05 21:16:00,1
2023-01-05 21:20:00,1
2023-01-05 21:24:00,1
2023-01-05 21:28:00,1
2023-01-05 21:32:00,1
2023-01-05 21:36:00,1
2023-01-05 21:40:00,1
2023-01-05 21:44:00,1
2023-01-05 21:48:00,1
2023-01-05 21:52:00,1
2023-01-05 21:56:00,1
2023-01-05 22:00:00,1
2023-01-05 22:04:00,1
2023-01-05 22:08:00,1
2023-01-05 22:12:00,1
2023-01-05 22:16:00,1
2023-01-05 22:20:00,1
2023-01-05 22:24:00,1
2023-01-05 22:28:00,1
2023-01-05 22:32:00,1
2023-01-05 22:36:00,1
2023-01-05 22:40:00,1
2023-01-05 22:44:00,1
2023-01-05 22:48:00,1
2023-01-05 22:52:00,1
2023-01-05 22:56:00,1
2023-01-05 23:00:00,1
2023-01-05 23:04:00,1
2023-01-05 23:08:00,1
2023-01-05 23:12:00,1
2023-01-05 23:16:00,1
2023-01-05 23:20:00,1
2023-01-05 23:24:00,1
2023-01-05 23:28:00,1
2023-01-05 23:32:00,1
2023-01-05 23:36:00,1
2023-01-05 23:40:00,1
2023-01-05 23:44:00,1
2023-01-05 23:48:00,1
2023-01-05 23:52:00,1
2023-01-05 23:56:00,1
2023-01-06 00:00:00,1
2023-01-06 00:04:00,1
2023-01-06 00:08:00,1
2023-01-06 00:12:00,1
2023-01-06 00:16:00,1
2023-01-06 00:20:00,1
2023-01-06 00:24:00,1
2023-01-06 00:28:00,1
2023-01-06 00:32:00,1
2023-01-06 00:36:00,1
2023-01-06 00:40:00,1
2023-01-06 00:44:00,1
2023-01-06 00:48:00,1
2023-01-06 00:52:00,1
2023-01-06 00:56:00,1
2023-01-06 01:00:00,1
2023-01-06 01:04:00,1
2023-01-06 01:08:00,1
2023-01-06 01:12:00,1
2023-01-06 01:16:00,1
2023-01-06 01:20:00,1
2023-01-06 01:24:00,1
2023-01-06 01:28:00,1
2023-01-06 01:32:00,1
2023-01-06 01:36:00,1
2023-01-06 01:40:00,1
2023-01-06 01:44:00,1
2023-01-06 01:48:00,1
2023-01-06 01:52:00,1
2023-01-06 01:56:00,1
2023-01-06 02:00:00,1
2023-01-06 02:04:00,1
2023-01-06 02:08:00,1
2023-01-06 02:12:00,1
2023-01-06 02:16:00,0
2023-01-06 02:20:00,0
2023-01-06 02:24:00,0
2023-01-06 02:28:00,0
2023-01-06 02:32:00,0
2023-01-06 02:36:00,0
2023-01-06 02:40:00,0
2023-01-06 02:44:00,0
2023-01-06 02:48:00,0
2023-01-06 02:52:00,0
2023-01-06 02:56:00,0
2023-01-06 03:00:00,0
2023-01-06 03:04:00,0
2023-01-06 03:08:00,0
2023-01-06 03:12:00,0
2023-01-06 03:16:00,0
2023-01-06 03:20:00,0
2023-01-06 03:24:00,0
2023-01-06 03:28:00,0
2023-01-06 03:32:00,0
2023-01-06 03:36:00,0
2023-01-06 03:40:00,0
2023-01-06 03:44:00,0
2023-01-06 03:48:00,0
2023-01-06 03:52:00,0
2023-01-06 03:56:00,0
2023-01-06 04:00:00,0
2023-01-06 04:04:00,0
2023-01-06 04:08:00,0
2023-01-06 04:12:00,0
2023-01-06 04:16:00,0
2023-01-06 04:20:00,0
2023-01-06 04:24:00,0
2023-01-06 04:28:00,0
2023-01-06 04:32:00,0
2023-01-06 04:36:00,0
2023-01-06 04:40:00,0
2023-01-06 04:44:00,0
2023-01-06 04:48:00,0
2023-01-06 04:52:00,0
2023-01-06 04:56:00,0
2023-01-06 05:00:00,0
2023-01-06 05:04:00,0
2023-01-06 05:08:00,0
2023-01-06 05:12:00,0
2023-01-06 05:16:00,0
2023-01-06 05:20:00,0
2023-01-06 05:24:00,0
2023-01-06 05:28:00,0
2023-01-06 05:32:00,0
2023-01-06 05:36:00,0
2023-01-06 05:40:00,0
2023-01-06 05:44:00,0
2023-01-06 05:48:00,0
2023-01-06 05:52:00,0
2023-01-06 05:56:00,0
2023-01-06 06:00:00,0
2023-01-06 06:04:00,0
2023-01-06 06:08:00,0
2023-01-06 06:12:00,0
2023-01-06 06:16:00,0
2023-01-06 06:20:00,0
2023-01-06 06:24:00,0
2023-01-06 06:28:00,0
2023-01-06 06:32:00,0
2023-01-06 06:36:00,0
2023-01-06 06:40:00,0
2023-01-06 06:44:00,0
2023-01-06 06:48:00,0
2023-01-06 06:52:00,0
2023-01-06 06:56:00,0
2023-01-06 07:00:00,0
2023-01-06 07:04:00,0
2023-01-06 07:08:00,0
2023-01-06 07:12:00,0
2023-01-06 07:16:00,0
2023-01-06 07:20:00,0
2023-01-06 07:24:00,0
2023-01-06 07:28:00,0
2023-01-06 07:32:00,0
2023-01-06 07:36:00,0
2023-01-06 07:40:00,0
2023-01-06 07:44:00,0
2023-01-06 07:48:00,0
2023-01-06 07:52:00,0
2023-01-06 07:56:00,0
2023-01-06 08:00:00,0
2023-01-06 08:04:00,0
2023-01-06 08:08:00,0
2023-01-06 08:12:00,0
2023-01-06 08:16:00,0
2023-01-06 08:20:00,0
2023-01-06 08:24:00,0
2023-01-06 08:28:00,0
2023-01-06 08:32:00,0
2023-01-06 08:36:00,0
2023-01-06 08:40:00,0
2023-01-06 08:44:00,0
2023-01-06 08:48:00,0
2023-01-06 08:52:00,0
2023-01-06 08:56:00,0
2023-01-06 09:00:00,0
2023-01-06 09:04:00,0
2023-01-06 09:08:00,0
2023-01-06 09:12:00,0
2023-01-06 09:16:00,0
2023-01-06 09:20:00,0
2023-01-06 09:24:00,0
2023-01-06 09:28:00,0
2023-01-06 09:32:00,0
2023-01-06 09:36:00,0
2023-01-06 09:40:00,0
2023-01-06 09:44:00,0
2023-01-06 09:48:00,0
2023-01-06 09:52:00,0
2023-01-06 09:56:00,0
2023-01-06 10:00:00,0
2023-01-06 10:04:00,0
2023-01-06 10:08:00,0
2023-01-06 10:12:00,0
2023-01-06 10:16:00,0
2023-01-06 10:20:00,0
2023-01-06 10:24:00,0
2023-01-06 10:28:00,0
2023-01-06 10:32:00,0
2023-01-06 10:36:00,0
2023-01-06 10:40:00,0
2023-01-06 10:44:00,0
2023-01-06 10:48:00,0
2023-01-06 10:52:00,0
2023-01-06 10:56:00,0
2023-01-06 11:00:00,0
2023-01-06 11:04:00,0
2023-01-06 11:08:00,0
2023-01-06 11:12:00,0
2023-01-06 11:16:00,0
2023-01-06 11:20:00,0
2023-01-06 11:24:00,0
2023-01-06 11:28:00,0
2023-01-06 11:32:00,0
2023-01-06 11:36:00,0
2023-01-06 11:40:00,0
2023-01-06 11:44:00,0
2023-01-06 11:48:00,0
2023-01-06 11:52:00,0
2023-01-06 11:56:00,0
2023-01-06 12:00:00,0
2023-01-06 12:04:00,0
2023-01-06 12:08:00,0
2023-01-06 12:12:00,0
2023-01-06 12:16:00,1
2023-01-06 12:20:00,1
2023-01-06 12:24:00,1
2023-01-06 12:28:00,1
2023-01-06 12:32:00,1
2023-01-06 12:36:00,1
2023-01-06 12:40:00,1
2023-01-06 12:44:00,1
2023-01-06 12:48:00,1
2023-01-06 12:52:00,1
2023-01-06 12:56:00,1
2023-01-06 13:00:00,1
2023-01-06 13:04:00,1
2023-01-06 13:08:00,1
2023-01-06 13:12:00,1
2023-01-06 13:16:00,1
2023-01-06 13:20:00,1
2023-01-06 13:24:00,1
2023-01-06 13:28:00,1
2023-01-06 13:32:00,1
2023-01-06 13:36:00,1
2023-01-06 13:40:00,1
2023-01-06 13:44:00,1
2023-01-06 13:48:00,1
2023-01-06 13:52:00,1
2023-01-06 13:56:00,1
2023-01-06 14:00:00,1
2023-01-06 14:04:00,1
2023-01-06 14:08:00,1
2023-01-06 14:12:00,1
2023-01-06 14:16:00,1
2023-01-06 14:20:00,1
2023-01-06 14:24:00,1
2023-01-06 14:28:00,1
2023-01-06 14:32:00,1
2023-01-06 14:36:00,1
2023-01-06 14:40:00,1
2023-01-06 14:44:00,1
2023-01-06 14:48:00,1
2023-01-06 14:52:00,1
2023-01-06 14:56:00,1
2023-01-06 15:00:00,1
2023-01-06 15:04:00,1
2023-01-06 15:08:00,1
2023-01-06 15:12:00,1
2023-01-06 15:16:00,1
2023-01-06 15:20:00,1
2023-01-06 15:24:00,1
2023-01-06 15:28:00,1
2023-01-06 15:32:00,1
2023-01-06 15:36:00,1
2023-01-06 15:40:00,1
2023-01-06 15:44:00,1
2023-01-06 15:48:00,1
2023-01-06 15:52:00,1
2023-01-06 15:56:00,1
2023-01-06 16:00:00,1
2023-01-06 16:04:00,1
2023-01-06 16:08:00,1
2023-01-06 16:12:00,1
2023-01-06 16:16:00,1
2023-01-06 16:20:00,1
2023-01-06 16:24:00,1
2023-01-06 16:28:00,1
2023-01-06 16:32:00,1
2023-01-06 16:36:00,1
2023-01-06 16:40:00,1
2023-01-06 16:44:00,1
2023-01-06 16:48:00,1
2023-01-06 16:52:00,1
2023-01-06 16:56:00,1
2023-01-06 17:00:00,1
2023-01-06 17:04:00,1
2023-01-06 17:08:00,1
2023-01-06 17:12:00,1
2023-01-06 17:16:00,1
2023-01-06 17:20:00,1
2023-01-06 17:24:00,1
2023-01-06 17:28:00,1
2023-01-06 17:32:00,1
2023-01-06 17:36:00,1
2023-01-06 17:40:00,1
2023-01-06 17:44:00,1
2023-01-06 17:48:00,1
2023-01-06 17:52:00,1
2023-01-06 17:56:00,1
2023-01-06 18:00:00,1
2023-01-06 18:04:00,1
2023-01-06 18:08:00,1
2023-01-06 18:12:00,1
2023-01-06 18:16:00,1
2023-01-06 18:20:00,1
2023-01-06 18:24:00,1
2023-01-06 18:28:00,1
2023-01-06 18:32:00,1
2023-01-06 18:36:00,1
2023-01-06 18:40:00,1
2023-01-06 18:44:00,1
2023-01-06 18:48:00,1
2023-01-06 18:52:00,1
2023-01-06 18:56:00,1
2023-01-06 19:00:00,1
2023-01-06 19:04:00,1
2023-01-06 19:08:00,1
2023-01-06 19:12:00,1
2023-01-06 19:16:00,1
2023-01-06 19:20:00,1
2023-01-06 19:24:00,1
2023-01-06 19:28:00,1
2023-01-06 19:32:00,1
2023-01-06 19:36:00,1
2023-01-06 19:40:00,1
2023-01-06 19:44:00,1
2023-01-06 19:48:00,1
2023-01-06 19:52:00,1
2023-01-06 19:56:00,1
2023-01-06 20:00:00,1
2023-01-06 20:04:00,1
2023-01-06 20:08:00,1
2023-01-06 20:12:00,1
2023-01-06 20:16:00,1
2023-01-06 20:20:00,1
2023-01-06 20:24:00,1
2023-01-06 20:28:00,1
2023-01-06 20:32:00,1
2023-01-06 20:36:00,1
2023-01-06 20:40:00,1
2023-01-06 20:44:00,1
2023-01-06 20:48:00,1
2023-01-06 20:52:00,1
2023-01-06 20:56:00,1
2023-01-06 21:00:00,1
2023-01-06 21:04:00,1
2023-01-06 21:08:00,1
2023-01-06 21:12:00,1
2023-01-06 21:16:00,1
2023-01-06 21:20:00,1
2023-01-06 21:24:00,1
2023-01-06 21:28:00,1
2023-01-06 21:32:00,1
2023-01-06 21:36:00,1
2023-01-06 21:40:00,1
2023-01-06 21:44:00,1
2023-01-06 21:48:00,1
2023-01-06 21:52:00,1
2023-01-06 21:56:00,1
2023-01-06 22:00:00,1
2023-01-06 22:04:00,1
2023-01-06 22:08:00,1
2023-01-06 22:12:00,1
2023-01-06 22:16:00,1
2023-01-06 22:20:00,1
2023-01-06 22:24:00,1
2023-01-06 22:28:00,1
2023-01-06 22:32:00,1
2023-01-06 22:36:00,1
2023-01-06 22:40:00,1
2023-01-06 22:44:00,1
2023-01-06 22:48:00,1
2023-01-06 22:52:00,1
2023-01-06 22:56:00,1
2023-01-06 23:00:00,1
2023-01-06 23:04:00,1
2023-01-06 23:08:00,1
2023-01-06 23:12:00,1
2023-01-06 23:16:00,1
2023-01-06 23:20:00,1
2023-01-06 23:24:00,1
2023-01-06 23:28:00,1
2023-01-06 23:32:00,1
2023-01-06 23:36:00,1
2023-01-06 23:40:00,1
2023-01-06 23:44:00,1
2023-01-06 23:48:00,1
2023-01-06 23:52:00,1
2023-01-06 23:56:00,1
2023-01-07 00:00:00,1
2023-01-07 00:04:00,1
2023-01-07 00:08:00,1
2023-01-07 00:12:00,1
2023-01-07 00:16:00,1
2023-01-07 00:20:00,1
2023-01-07 00:24:00,1
2023-01-07 00:28:00,1
2023-01-07 00:32:00,1
2023-01-07 00:36:00,1
2023-01-07 00:40:00,1
2023-01-07 00:44:00,1
2023-01-07 00:48:00,1
2023-01-07 00:52:00,1
2023-01-07 00:56:00,1
2023-01-07 01:00:00,1
2023-01-07 01:04:00,1
2023-01-07 01:08:00,1
2023-01-07 01:12:00,1
2023-01-07 01:16:00,1
2023-01-07 01:20:00,1
2023-01-07 01:24:00,1
2023-01-07 01:28:00,1
2023-01-07 01:32:00,1
2023-01-07 01:36:00,1
2023-01-07 01:40:00,1
2023-01-07 01:44:00,1
2023-01-07 01:48:00,1
2023-01-07 01:52:00,1
2023-01-07 01:56:00,1
2023-01-07 02:00:00,1
2023-01-07 02:04:00,1
2023-01-07 02:08:00,1
2023-01-07 02:12:00,1
2023-01-07 02:16:00,1
2023-01-07 02:20:00,1
2023-01-07 02:24:00,1
2023-01-07 02:28:00,1
2023-01-07 02:32:00,0
2023-01-07 02:36:00,0
2023-01-07 02:40:00,0
2023-01-07 02:44:00,0
2023-01-07 02:48:00,0
2023-01-07 02:52:00,0
2023-01-07 02:56:00,0
2023-01-07 03:00:00,0
2023-01-07 03:04:00,0
2023-01-07 03:08:00,0
2023-01-07 03:12:00,0
2023-01-07 03:16:00,0
2023-01-07 03:20:00,0
2023-01-07 03:24:00,0
2023-01-07 03:28:00,0
2023-01-07 03:32:00,0
2023-01-07 03:36:00,0
2023-01-07 03:40:00,0
2023-01-07 03:44:00,0
2023-01-07 03:48:00,0
2023-01-07 03:52:00,0
2023-01-07 03:56:00,0
2023-01-07 04:00:00,0
2023-01-07 04:04:00,0
2023-01-07 04:08:00,0
2023-01-07 04:12:00,0
2023-01-07 04:16:00,0
2023-01-07 04:20:00,0
2023-01-07 04:24:00,0
2023-01-07 04:28:00,0
2023-01-07 04:32:00,0
2023-01-07 04:36:00,0
2023-01-07 04:40:00,0
2023-01-07 04:44:00,0
2023-01-07 04:48:00,0
2023-01-07 04:52:00,0
2023-01-07 04:56:00,0
2023-01-07 05:00:00,0
2023-01-07 05:04:00,0
2023-01-07 05:08:00,0
2023-01-07 05:12:00,0
2023-01-07 05:16:00,0
2023-01-07 05:20:00,0
2023-01-07 05:24:00,0
2023-01-07 05:28:00,0
2023-01-07 05:32:00,0
2023-01-07 05:36:00,0
2023-01-07 05:40:00,0
2023-01-07 05:44:00,0
2023-01-07 05:48:00,0
2023-01-07 05:52:00,0
2023-01-07 05:56:00,0
2023-01-07 06:00:00,0
2023-01-07 06:04:00,0
2023-01-07 06:08:00,0
2023-01-07 06:12:00,0
2023-01-07 06:16:00,0
2023-01-07 06:20:00,0
2023-01-07 06:24:00,0
2023-01-07 06:28:00,0
2023-01-07 06:32:00,0
2023-01-07 06:36:00,0
2023-01-07 06:40:00,0
2023-01-07 06:44:00,0
2023-01-07 06:48:00,0
2023-01-07 06:52:00,0
2023-01-07 06:56:00,0
2023-01-07 07:00:00,0
2023-01-07 07:04:00,0
2023-01-07 07:08:00,0
2023-01-07 07:12:00,0
2023-01-07 07:16:00,0
2023-01-07 07:20:00,0
2023-01-07 07:24:00,0
2023-01-07 07:28:00,0
2023-01-07 07:32:00,0
2023-01-07 07:36:00,0
2023-01-07 07:40:00,0
2023-01-07 07:44:00,0
2023-01-07 07:48:00,0
2023-01-07 07:52:00,0
2023-01-07 07:56:00,0
2023-01-07 08:00:00,0
2023-01-07 08:04:00,0
2023-01-07 08:08:00,0
2023-01-07 08:12:00,0
2023-01-07 08:16:00,0
2023-01-07 08:20:00,0
2023-01-07 08:24:00,0
2023-01-07 08:28:00,0
2023-01-07 08:32:00,0
2023-01-07 08:36:00,0
2023-01-07 08:40:00,0
2023-01-07 08:44:00,0
2023-01-07 08:48:00,0
2023-01-07 08:52:00,0
2023-01-07 08:56:00,0
2023-01-07 09:00:00,0
2023-01-07 09:04:00,0
2023-01-07 09:08:00,0
2023-01-07 09:12:00,0
2023-01-07 09:16:00,0
2023-01-07 09:20:00,0
2023-01-07 09:24:00,0
2023-01-07 09:28:00,0
2023-01-07 09:32:00,0
2023-01-07 09:36:00,0
2023-01-07 09:40:00,0
2023-01-07 09:44:00,0
2023-01-07 09:48:00,0
2023-01-07 09:52:00,0
2023-01-07 09:56:00,0
2023-01-07 10:00:00,0
2023-01-07 10:04:00,0
2023-01-07 10:08:00,0
2023-01-07 10:12:00,0
2023-01-07 10:16:00,0
2023-01-07 10:20:00,0
2023-01-07 10:24:00,0
2023-01-07 10:28:00,0
2023-01-07 10:32:00,0
2023-01-07 10:36:00,0
2023-01-07 10:40:00,0
2023-01-07 10:44:00,0
2023-01-07 10:48:00,0
2023-01-07 10:52:00,0
2023-01-07 10:56:00,0
2023-01-07 11:00:00,0
2023-01-07 11:04:00,0
2023-01-07 11:08:00,0
2023-01-07 11:12:00,0
2023-01-07 11:16:00,0
2023-01-07 11:20:00,0
2023-01-07 11:24:00,0
2023-01-07 11:28:00,0
2023-01-07 11:32:00,0
2023-01-07 11:36:00,0
2023-01-07 11:40:00,0
2023-01-07 11:44:00,0
2023-01-07 11:48:00,0
2023-01-07 11:52:00,0
2023-01-07 11:56:00,0
2023-01-07 12:00:00,0
2023-01-07 12:04:00,0
2023-01-07 12:08:00,0
2023-01-07 12:12:00,0
2023-01-07 12:16:00,0
2023-01-07 12:20:00,0
2023-01-07 12:24:00,0
2023-01-07 12:28:00,0
2023-01-07 12:32:00,1
2023-01-07 12:36:00,1
2023-01-07 12:40:00,1
2023-01-07 12:44:00,1
2023-01-07 12:48:00,1
2023-01-07 12:52:00,1
2023-01-07 12:56:00,1
2023-01-07 13:00:00,1
2023-01-07 13:04:00,1
2023-01-07 13:08:00,1
2023-01-07 13:12:00,1
2023-01-07 13:16:00,1
2023-01-07 13:20:00,1
2023-01-07 13:24:00,1
2023-01-07 13:28:00,1
2023-01-07 13:32:00,1
2023-01-07 13:36:00,1
2023-01-07 13:40:00,1
2023-01-07 13:44:00,1
2023-01-07 13:48:00,1
2023-01-07 13:52:00,1
2023-01-07 13:56:00,1
2023-01-07 14:00:00,1
2023-01-07 14:04:00,1
2023-01-07 14:08:00,1
2023-01-07 14:12:00,1
2023-01-07 14:16:00,1
2023-01-07 14:20:00,1
2023-01-07 14:24:00,1
2023-01-07 14:28:00,1
2023-01-07 14:32:00,1
2023-01-07 14:36:00,1
2023-01-07 14:40:00,1
2023-01-07 14:44:00,1
2023-01-07 14:48:00,1
2023-01-07 14:52:00,1
2023-01-07 14:56:00,1
2023-01-07 15:00:00,1
2023-01-07 15:04:00,1
2023-01-07 15:08:00,1
2023-01-07 15:12:00,1
2023-01-07 15:16:00,1
2023-01-07 15:20:00,1
2023-01-07 15:24:00,1
2023-01-07 15:28:00,1
2023-01-07 15:32:00,1
2023-01-07 15:36:00,1
2023-01-07 15:40:00,1
2023-01-07 15:44:00,1
2023-01-07 15:48:00,1
2023-01-07 15:52:00,1
2023-01-07 15:56:00,1
2023-01-07 16:00:00,1
2023-01-07 16:04:00,1
2023-01-07 16:08:00,1
2023-01-07 16:12:00,1
2023-01-07 16:16:00,1
2023-01-07 16:20:00,1
2023-01-07 16:24:00,1
2023-01-07 16:28:00,1
2023-01-07 16:32:00,1
2023-01-07 16:36:00,1
2023-01-07 16:40:00,1
2023-01-07 16:44:00,1
2023-01-07 16:48:00,1
2023-01-07 16:52:00,1
2023-01-07 16:56:00,1
2023-01-07 17:00:00,1
2023-01-07 17:04:00,1
2023-01-07 17:08:00,1
2023-01-07 17:12:00,1
2023-01-07 17:16:00,1
2023-01-07 17:20:00,1
2023-01-07 17:24:00,1
2023-01-07 17:28:00,1
2023-01-07 17:32:00,1
2023-01-07 17:36:00,1
2023-01-07 17:40:00,1
2023-01-07 17:44:00,1
2023-01-07 17:48:00,1
2023-01-07 17:52:00,1
2023-01-07 17:56:00,1
2023-01-07 18:00:00,1
2023-01-07 18:04:00,1
2023-01-07 18:08:00,1
2023-01-07 18:12:00,1
2023-01-07 18:16:00,1
2023-01-07 18:20:00,1
2023-01-07 18:24:00,1
2023-01-07 18:28:00,1
2023-01-07 18:32:00,1
2023-01-07 18:36:00,1
2023-01-07 18:40:00,1
2023-01-07 18:44:00,1
2023-01-07 18:48:00,1
2023-01-07 18:52:00,1
2023-01-07 18:56:00,1
2023-01-07 19:00:00,1
2023-01-07 19:04:00,1
2023-01-07 19:08:00,1
2023-01-07 19:12:00,1
2023-01-07 19:16:00,1
2023-01-07 19:20:00,1
2023-01-07 19:24:00,1
2023-01-07 19:28:00,1
2023-01-07 19:32:00,1
2023-01-07 19:36:00,1
2023-01-07 19:40:00,1
2023-01-07 19:44:00,1
2023-01-07 19:48:00,1
2023-01-07 19:52:00,1
2023-01-07 19:56:00,1
2023-01-07 20:00:00,1
2023-01-07 20:04:00,1
2023-01-07 20:08:00,1
2023-01-07 20:12:00,1
2023-01-07 20:16:00,1
2023-01-07 20:20:00,1
2023-01-07 20:24:00,1
2023-01-07 20:28:00,1
2023-01-07 20:32:00,1
2023-01-07 20:36:00,1
2023-01-07 20:40:00,1
2023-01-07 20:44:00,1
2023-01-07 20:48:00,1
2023-01-07 20:52:00,1
2023-01-07 20:56:00,1
2023-01-07 21:00:00,1
2023-01-07 21:04:00,1
2023-01-07 21:08:00,1
2023-01-07 21:12:00,1
2023-01-07 21:16:00,1
2023-01-07 21:20:00,1
2023-01-07 21:24:00,1
2023-01-07 21:28:00,1
2023-01-07 21:32:00,1
2023-01-07 21:36:00,1
2023-01-07 21:40:00,1
2023-01-07 21:44:00,1
2023-01-07 21:48:00,1
2023-01-07 21:52:00,1
2023-01-07 21:56:00,1
2023-01-07 22:00:00,1
2023-01-07 22:04:00,1
2023-01-07 22:08:00,1
2023-01-07 22:12:00,1
2023-01-07 22:16:00,1
2023-01-07 22:20:00,1
2023-01-07 22:24:00,1
2023-01-07 22:28:00,1
2023-01-07 22:32:00,1
2023-01-07 22:36:00,1
2023-01-07 22:40:00,1
2023-01-07 22:44:00,1
2023-01-07 22:48:00,1
2023-01-07 22:52:00,1
2023-01-07 22:56:00,1
2023-01-07 23:00:00,1
2023-01-07 23:04:00,1
2023-01-07 23:08:00,1
2023-01-07 23:12:00,1
2023-01-07 23:16:00,1
2023-01-07 23:20:00,1
2023-01-07 23:24:00,1
2023-01-07 23:28:00,1
2023-01-07 23:32:00,1
2023-01-07 23:36:00,1
2023-01-07 23:40:00,1
2023-01-07 23:44:00,1
2023-01-07 23:48:00,1
2023-01-07 23:52:00,1
2023-01-07 23:56:00,1
2023-01-08 00:00:00,1
2023-01-08 00:04:00,1
2023-01-08 00:08:00,1
2023-01-08 00:12:00,1
2023-01-08 00:16:00,1
2023-01-08 00:20:00,1
2023-01-08 00:24:00,1
2023-01-08 00:28:00,1
2023-01-08 00:32:00,1
2023-01-08 00:36:00,1
2023-01-08 00:40:00,1
2023-01-08 00:44:00,1
2023-01-08 00:48:00,1
2023-01-08 00:52:00,1
2023-01-08 00:56:00,1
2023-01-08 01:00:00,1
2023-01-08 01:04:00,1
2023-01-08 01:08:00,1
2023-01-08 01:12:00,1
2023-01-08 01:16:00,1
2023-01-08 01:20:00,1
2023-01-08 01:24:00,1
2023-01-08 01:28:00,1
2023-01-08 01:32:00,1
2023-01-08 01:36:00,1
2023-01-08 01:40:00,1
2023-01-08 01:44:00,0
2023-01-08 01:48:00,0
2023-01-08 01:52:00,0
2023-01-08 01:56:00,0
2023-01-08 02:00:00,0
2023-01-08 02:04:00,0
2023-01-08 02:08:00,0
2023-01-08 02:12:00,0
2023-01-08 02:16:00,0
2023-01-08 02:20:00,0
2023-01-08 02:24:00,0
2023-01-08 02:28:00,0
2023-01-08 02:32:00,0
2023-01-08 02:36:00,0
2023-01-08 02:40:00,0
2023-01-08 02:44:00,0
2023-01-08 02:48:00,0
2023-01-08 02:52:00,0
2023-01-08 02:56:00,0
2023-01-08 03:00:00,0
2023-01-08 03:04:00,0
2023-01-08 03:08:00,0
2023-01-08 03:12:00,0
2023-01-08 03:16:00,0
2023-01-08 03:20:00,0
2023-01-08 03:24:00,0
2023-01-08 03:28:00,0
2023-01-08 03:32:00,0
2023-01-08 03:36:00,0
2023-01-08 03:40:00,0
2023-01-08 03:44:00,0
2023-01-08 03:48:00,0
2023-01-08 03:52:00,0
2023-01-08 03:56:00,0
2023-01-08 04:00:00,0
2023-01-08 04:04:00,0
2023-01-08 04:08:00,0
2023-01-08 04:12:00,0
2023-01-08 04:16:00,0
2023-01-08 04:20:00,0
2023-01-08 04:24:00,0
2023-01-08 04:28:00,0
2023-01-08 04:32:00,0
2023-01-08 04:36:00,0
2023-01-08 04:40:00,0
2023-01-08 04:44:00,0
2023-01-08 04:48:00,0
2023-01-08 04:52:00,0
2023-01-08 04:56:00,0
2023-01-08 05:00:00,0
2023-01-08 05:04:00,0
2023-01-08 05:08:00,0
2023-01-08 05:12:00,0
2023-01-08 05:16:00,0
2023-01-08 05:20:00,0
2023-01-08 05:24:00,0
2023-01-08 05:28:00,0
2023-01-08 05:32:00,0
2023-01-08 05:36:00,0
2023-01-08 05:40:00,0
2023-01-08 05:44:00,0
2023-01-08 05:48:00,0
2023-01-08 05:52:00,0
2023-01-08 05:56:00,0
2023-01-08 06:00:00,0
2023-01-08 06:04:00,0
2023-01-08 06:08:00,0
2023-01-08 06:12:00,0
2023-01-08 06:16:00,0
2023-01-08 06:20:00,0
2023-01-08 06:24:00,0
2023-01-08 06:28:00,0
2023-01-08 06:32:00,0
2023-01-08 06:36:00,0
2023-01-08 06:40:00,0
2023-01-08 06:44:00,0
2023-01-08 06:48:00,0
2023-01-08 06:52:00,0
2023-01-08 06:56:00,0
2023-01-08 07:00:00,0
2023-01-08 07:04:00,0
2023-01-08 07:08:00,0
2023-01-08 07:12:00,0
2023-01-08 07:16:00,0
2023-01-08 07:20:00,0
2023-01-08 07:24:00,0
2023-01-08 07:28:00,0
2023-01-08 07:32:00,0
2023-01-08 07:36:00,0
2023-01-08 07:40:00,0
2023-01-08 07:44:00,0
2023-01-08 07:48:00,0
2023-01-08 07:52:00,0
2023-01-08 07:56:00,0
2023-01-08 08:00:00,0
2023-01-08 08:04:00,0
2023-01-08 08:08:00,0
2023-01-08 08:12:00,0
2023-01-08 08:16:00,0
2023-01-08 08:20:00,0
2023-01-08 08:24:00,0
2023-01-08 08:28:00,0
2023-01-08 08:32:00,0
2023-01-08 08:36:00,0
2023-01-08 08:40:00,0
2023-01-08 08:44:00,0
2023-01-08 08:48:00,0
2023-01-08 08:52:00,0
2023-01-08 08:56:00,0
2023-01-08 09:00:00,0
2023-01-08 09:04:00,0
2023-01-08 09:08:00,0
2023-01-08 09:12:00,0
2023-01-08 09:16:00,0
2023-01-08 09:20:00,0
2023-01-08 09:24:00,0
2023-01-08 09:28:00,0
2023-01-08 09:32:00,0
2023-01-08 09:36:00,0
2023-01-08 09:40:00,0
2023-01-08 09:44:00,0
2023-01-08 09:48:00,0
2023-01-08 09:52:00,0
2023-01-08 09:56:00,0
2023-01-08 10:00:00,0
2023-01-08 10:04:00,0
2023-01-08 10:08:00,0
2023-01-08 10:12:00,0
2023-01-08 10:16:00,0
2023-01-08 10:20:00,0
2023-01-08 10:24:00,0
2023-01-08 10:28:00,0
2023-01-08 10:32:00,0
2023-01-08 10:36:00,0
2023-01-08 10:40:00,0
2023-01-08 10:44:00,0
2023-01-08 10:48:00,0
2023-01-08 10:52:00,0
2023-01-08 10:56:00,0
2023-01-08 11:00:00,0
2023-01-08 11:04:00,0
2023-01-08 11:08:00,0
2023-01-08 11:12:00,0
2023-01-08 11:16:00,0
2023-01-08 11:20:00,0
2023-01-08 11:24:00,0
2023-01-08 11:28:00,0
2023-01-08 11:32:00,0
2023-01-08 11:36:00,0
2023-01-08 11:40:00,0
2023-01-08 11:44:00,0
2023-01-08 11:48:00,0
2023-01-08 11:52:00,0
2023-01-08 11:56:00,0
2023-01-08 12:00:00,0
2023-01-08 12:04:00,0
2023-01-08 12:08:00,0
2023-01-08 12:12:00,0
2023-01-08 12:16:00,0
2023-01-08 12:20:00,0
2023-01-08 12:24:00,0
2023-01-08 12:28:00,0
2023-01-08 12:32:00,0
2023-01-08 12:36:00,0
2023-01-08 12:40:00,0
2023-01-08 12:44:00,0
2023-01-08 12:48:00,1
2023-01-08 12:52:00,1
2023-01-08 12:56:00,1
2023-01-08 13:00:00,1
2023-01-08 13:04:00,1
2023-01-08 13:08:00,1
2023-01-08 13:12:00,1
2023-01-08 13:16:00,1
2023-01-08 13:20:00,1
2023-01-08 13:24:00,1
2023-01-08 13:28:00,1
2023-01-08 13:32:00,1
2023-01-08 13:36:00,1
2023-01-08 13:40:00,1
2023-01-08 13:44:00,1
2023-01-08 13:48:00,1
2023-01-08 13:52:00,1
2023-01-08 13:56:00,1
2023-01-08 14:00:00,1
2023-01-08 14:04:00,1
2023-01-08 14:08:00,1
2023-01-08 14:12:00,1
2023-01-08 14:16:00,1
2023-01-08 14:20:00,1
2023-01-08 14:24:00,1
2023-01-08 14:28:00,1
2023-01-08 14:32:00,1
2023-01-08 14:36:00,1
2023-01-08 14:40:00,1
2023-01-08 14:44:00,1
2023-01-08 14:48:00,1
2023-01-08 14:52:00,1
2023-01-08 14:56:00,1
2023-01-08 15:00:00,1
2023-01-08 15:04:00,1
2023-01-08 15:08:00,1
2023-01-08 15:12:00,1
2023-01-08 15:16:00,1
2023-01-08 15:20:00,1
2023-01-08 15:24:00,1
2023-01-08 15:28:00,1
2023-01-08 15:32:00,1
2023-01-08 15:36:00,1
2023-01-08 15:40:00,1
2023-01-08 15:44:00,1
2023-01-08 15:48:00,1
2023-01-08 15:52:00,1
2023-01-08 15:56:00,1
2023-01-08 16:00:00,1
2023-01-08 16:04:00,1
2023-01-08 16:08:00,1
2023-01-08 16:12:00,1
2023-01-08 16:16:00,1
2023-01-08 16:20:00,1
2023-01-08 16:24:00,1
2023-01-08 16:28:00,1
2023-01-08 16:32:00,1
2023-01-08 16:36:00,1
2023-01-08 16:40:00,1
2023-01-08 16:44:00,1
2023-01-08 16:48:00,1
2023-01-08 16:52:00,1
2023-01-08 16:56:00,1
2023-01-08 17:00:00,1
2023-01-08 17:04:00,1
2023-01-08 17:08:00,1
2023-01-08 17:12:00,1
2023-01-08 17:16:00,1
2023-01-08 17:20:00,1
2023-01-08 17:24:00,1
2023-01-08 17:28:00,1
2023-01-08 17:32:00,1
2023-01-08 17:36:00,1
2023-01-08 17:40:00,1
2023-01-08 17:44:00,1
2023-01-08 17:48:00,1
2023-01-08 17:52:00,1
2023-01-08 17:56:00,1
2023-01-08 18:00:00,1
2023-01-08 18:04:00,1
2023-01-08 18:08:00,1
2023-01-08 18:12:00,1
2023-01-08 18:16:00,1
2023-01-08 18:20:00,1
2023-01-08 18:24:00,1
2023-01-08 18:28:00,1
2023-01-08 18:32:00,1
2023-01-08 18:36:00,1
2023-01-08 18:40:00,1
2023-01-08 18:44:00,1
2023-01-08 18:48:00,1
2023-01-08 18:52:00,1
2023-01-08 18:56:00,1
2023-01-08 19:00:00,1
2023-01-08 19:04:00,1
2023-01-08 19:08:00,1
2023-01-08 19:12:00,1
2023-01-08 19:16:00,1
2023-01-08 19:20:00,1
2023-01-08 19:24:00,1
2023-01-08 19:28:00,1
2023-01-08 19:32:00,1
2023-01-08 19:36:00,1
2023-01-08 19:40:00,1
2023-01-08 19:44:00,1
2023-01-08 19:48:00,1
2023-01-08 19:52:00,1
2023-01-08 19:56:00,1
2023-01-08 20:00:00,1
2023-01-08 20:04:00,1
2023-01-08 20:08:00,1
2023-01-08 20:12:00,1
2023-01-08 20:16:00,1
2023-01-08 20:20:00,1
2023-01-08 20:24:00,1
2023-01-08 20:28:00,1
2023-01-08 20:32:00,1
2023-01-08 20:36:00,1
2023-01-08 20:40:00,1
2023-01-08 20:44:00,1
2023-01-08 20:48:00,1
2023-01-08 20:52:00,1
2023-01-08 20:56:00,1
2023-01-08 21:00:00,1
2023-01-08 21:04:00,1
2023-01-08 21:08:00,1
2023-01-08 21:12:00,1
2023-01-08 21:16:00,1
2023-01-08 21:20:00,1
2023-01-08 21:24:00,1
2023-01-08 21:28:00,1
2023-01-08 21:32:00,1
2023-01-08 21:36:00,1
2023-01-08 21:40:00,1
2023-01-08 21:44:00,1
2023-01-08 21:48:00,1
2023-01-08 21:52:00,1
2023-01-08 21:56:00,1
2023-01-08 22:00:00,1
2023-01-08 22:04:00,1
2023-01-08 22:08:00,1
2023-01-08 22:12:00,1
2023-01-08 22:16:00,1
2023-01-08 22:20:00,1
2023-01-08 22:24:00,1
2023-01-08 22:28:00,1
2023-01-08 22:32:00,1
2023-01-08 22:36:00,1
2023-01-08 22:40:00,1
2023-01-08 22:44:00,1
2023-01-08 22:48:00,1
2023-01-08 22:52:00,1
2023-01-08 22:56:00,1
2023-01-08 23:00:00,1
2023-01-08 23:04:00,1
2023-01-08 23:08:00,1
2023-01-08 23:12:00,0
2023-01-08 23:16:00,0
2023-01-08 23:20:00,0
2023-01-08 23:24:00,0
2023-01-08 23:28:00,0
2023-01-08 23:32:00,0
2023-01-08 23:36:00,0
2023-01-08 23:40:00,0
2023-01-08 23:44:00,0
2023-01-08 23:48:00,0
2023-01-08 23:52:00,0
2023-01-08 23:56:00,0